"country","threshold","area_ha","extent_2000_ha","extent_2010_ha","gain_2000-2012_ha","tc_loss_ha_2001","tc_loss_ha_2002","tc_loss_ha_2003","tc_loss_ha_2004","tc_loss_ha_2005","tc_loss_ha_2006","tc_loss_ha_2007","tc_loss_ha_2008","tc_loss_ha_2009","tc_loss_ha_2010","tc_loss_ha_2011","tc_loss_ha_2012","tc_loss_ha_2013","tc_loss_ha_2014","tc_loss_ha_2015","tc_loss_ha_2016","tc_loss_ha_2017","tc_loss_ha_2018","tc_loss_ha_2019","tc_loss_ha_2020","tc_loss_ha_2021","tc_loss_ha_2022","tc_loss_ha_2023","tc_loss_ha_2024"
"Afghanistan",0,64383655,64383655,64383655,10738,103,214,267,226,268,172,274,123,92,109,134,60,15,10,0,0,0,31,25,46,47,16,133,223
"Albania",0,2872761,2872761,2872761,16468,3907,940,675,3455,759,1033,5512,5803,1463,751,1376,6101,3273,1419,427,1394,2870,2926,1626,1829,3267,3516,3419,1631
"Algeria",0,230802067,230802067,230802067,89147,3824,3291,4124,4989,4976,6124,5912,9227,11499,3044,8994,13637,12285,16308,9684,13017,63446,8836,11271,21525,32225,19552,37381,8328
"Angola",0,124691420,124691420,124691420,1224131,120511,73036,69101,98592,134547,108318,219100,158953,273492,198278,289249,255397,269297,300058,228811,333994,443270,372663,273109,394726,445310,391072,408150,432655
"Argentina",0,277905834,277905834,277905834,1107407,193755,125216,318701,522345,428199,360852,481900,652189,332684,444187,538815,520588,443955,298707,211067,276756,290584,206846,179782,246213,261628,302062,284973,267155
"Australia",0,768777179,768777179,768777179,1600599,961028,556660,997500,255809,736689,399784,594794,354623,289052,479887,168504,193125,356587,565957,490293,680108,451953,532378,2214080,3335014,399129,203793,386479,362685
"Austria",0,8394663,8394663,8394663,36348,7001,10983,14567,14709,21809,12657,31859,27026,15986,16826,18174,11312,7990,10211,8099,17605,18930,26822,34322,26418,17018,20474,27289,28242
"Azerbaijan",0,8623526,8623526,8623526,30269,608,1268,1113,670,294,610,570,551,453,681,216,702,262,453,29,30,84,76,14,27,130,154,701,288
"Bangladesh",0,13938387,13938387,13938387,317862,4654,4090,2215,4414,3362,7064,4168,4662,5817,4858,4391,5959,7892,15558,16504,28071,36459,25624,27686,27044,22098,17669,24299,20833
"Belarus",0,20706903,20706903,20706903,963614,18549,25629,32319,38868,36420,42550,32868,36123,35827,35984,45714,40213,29019,34659,35208,94630,81900,90474,77429,70953,65190,67456,62224,74206
"Belgium",0,3070744,3070744,3070744,41687,1027,2386,1934,4887,3092,7001,6045,7294,5287,10995,5090,5769,3464,4441,3606,4876,4575,5060,6031,5873,9666,5426,8309,6884
"Belize",0,2204340,2204341,2204341,18728,8322,13595,6882,4376,8164,4307,12375,8318,10329,9866,26453,11675,16647,16958,12648,20978,17210,11541,19511,27071,9629,8616,23524,34525
"Benin",0,11528631,11528631,11528631,181245,18084,20793,30437,4048,35670,12309,57541,6030,78214,2760,7965,62669,39050,44153,22483,26415,44747,46571,25498,39326,40139,56605,61151,50217
"Bhutan",0,3876297,3876297,3876297,28220,329,242,593,1105,835,678,542,814,1245,4777,1188,907,704,1562,1099,2761,2848,1760,1197,1890,1971,1819,2784,1722
"Bolivia",0,108437926,108437926,108437926,617241,145165,183232,166873,209127,256248,220088,192242,377197,229146,456098,336797,280088,190016,270929,172948,501076,481613,316782,876242,441565,576417,618323,725000,1850774
"Bosnia and Herzegovina",0,5106884,5106884,5106884,53276,1540,801,382,4538,625,624,3504,1894,1418,994,1050,3083,3010,1917,751,2614,1687,3004,1323,2019,1173,2385,4770,2648
"Botswana",0,57788404,57788404,57788404,13304,1123,289,207,635,819,369,637,370,523,215,269,483,2188,848,42,99,323,82,90,143,187,93,64,94
"Brazil",0,850907198,850907198,850907198,8066542,2933201,3715945,3489258,4133606,3675951,3094811,2845584,2674826,2010910,2947366,2148317,3394295,2552116,3526763,2925679,6407238,5559046,3785527,3475769,4133235,3902719,4275317,4101572,5379616
"Brunei",0,577739,577739,577739,7532,1266,1101,806,1206,1290,1024,1585,1314,2180,978,2641,1884,956,2445,2024,3006,1057,921,1410,1361,1074,1047,1088,1303
"Bulgaria",0,11158730,11158730,11158730,106352,8330,4726,5306,8378,6698,5395,9814,6664,6254,3631,3455,10276,4009,7276,7852,8323,9100,10713,4799,5555,7714,4869,7720,7144
"Burkina Faso",0,27294665,27294665,27294665,142622,16251,12800,992,17476,26359,12009,14545,31562,9288,43545,10199,4830,7587,7754,2991,2508,5632,3988,3838,4310,4336,4156,5362,7887
"Burundi",0,2693527,2693527,2693527,16374,1718,1452,1733,883,1574,559,2855,3353,1489,2506,1247,1332,2786,3705,2800,3286,4410,6474,4799,4757,5858,3921,4723,5339
"Cambodia",0,18169723,18169723,18169723,147442,30361,61692,61427,83001,67002,83843,81747,86993,128775,247491,202695,220574,239225,205966,173660,218009,153664,150802,197383,191937,186727,139391,184227,143966
"Cameroon",0,46604030,46604030,46604030,351063,42123,32850,26490,25090,27484,45837,57901,45048,40817,72091,31940,57641,99165,195671,83897,120636,195659,128116,129000,211148,176019,157552,216351,193716
"Canada",0,983422553,983422553,983422553,16965174,1436269,2425233,1657862,2798242,3021529,2513417,2210075,2040530,1615788,2188791,2251205,2703612,3142774,2922057,2898415,2214500,2860726,2275740,2276552,1268204,2685436,2503769,10176019,5982015
"Central African Republic",0,62019967,62019967,62019967,482450,33034,37306,14385,16167,31295,64687,41692,36159,51777,51207,51619,61286,54910,70710,34302,55630,76703,53456,64441,65939,77878,65150,76565,89696
"Chad",0,126995095,126995095,126995095,256622,25042,33905,6935,16425,11503,67371,19290,70588,28188,5313,15203,46522,58718,71802,45501,44013,88390,76234,76267,51719,56672,77051,118480,122081
"Chile",0,75231752,75231752,75231752,730022,73191,78868,83778,86559,109336,93097,122584,124445,89247,92189,101006,180958,124871,150526,138267,156940,332116,119975,128013,118117,131816,128506,169819,87440
"China",0,935030049,935030049,935030049,6691014,239841,259319,273011,523240,398426,601969,680602,761682,628338,656708,638555,692949,646748,762271,706640,1097928,1053261,950230,904155,782306,988047,1070080,1183160,1319586
"Colombia",0,113724053,113724053,113724053,1085394,233438,184414,124863,257349,191418,192887,273122,235085,241896,199425,192392,236279,150682,221898,152606,313447,457176,377367,293236,350616,289867,292410,232216,247496
"Costa Rica",0,5117777,5117777,5117777,57761,15750,13594,8390,10052,17095,10227,11677,22407,22784,13382,10747,10725,8765,12685,3604,15167,23469,13888,13284,9199,8909,9653,10426,9601
"Croatia",0,5707837,5707837,5707837,59572,3696,2626,2187,7851,3011,2587,3891,4504,3443,3774,3395,5552,3373,4809,3519,6175,7275,9248,6410,6535,5667,8832,11923,9799
"Cuba",0,11073123,11073123,11073123,164351,20679,15813,7243,23799,13394,12810,8270,18139,17133,8946,17513,11217,8990,9959,10896,82105,96177,24092,14270,18331,16659,8852,25251,14132
"Czechia",0,7883738,7883738,7883738,77297,3518,6894,3993,13616,25736,8702,21516,17033,13645,15570,22003,14223,8024,14568,8316,23622,27368,40088,75186,102701,57510,35823,25320,20428
"Côte d'Ivoire",0,32154318,32154318,32154318,881454,145286,177231,104507,70916,104696,136178,128928,183733,128567,127854,161189,111697,250759,427957,208318,299252,529079,465669,370101,362521,297018,259047,318286,275309
"Democratic Republic of the Congo",0,232886907,232886907,232886907,1592149,464135,525657,284553,409244,499076,463129,478425,414658,655990,842332,438922,649927,953214,1382106,952537,1413260,1500507,1396542,1236549,1335898,1269571,1235786,1355741,1432766
"Denmark",0,4314474,4314474,4314474,95181,4467,1244,1623,2470,9170,5287,4441,6153,6726,4490,3160,4580,2264,5838,2971,5348,5279,3747,10780,4001,5804,4310,5323,5060
"Djibouti",0,2237202,2237202,2237202,2,0,0,0,0,0,0,1,0,0,0,0,0,0,0,0,0,0,0,0,0,0,0,0,0
"Dominican Republic",0,4809207,4809207,4809207,54804,11689,10969,11258,20261,25896,14409,16949,22453,14698,14669,13659,19293,17788,17906,18641,29063,33036,18234,19674,25971,18500,16750,29306,17705
"Ecuador",0,25633999,25633999,25633999,218738,45604,30144,14089,37947,41012,36115,61691,52474,58497,34142,44196,77598,56570,36073,32615,47765,75232,40895,37649,51505,32160,55271,47469,68686
"Egypt",0,98376626,98376626,98376626,4206,222,118,157,266,147,101,187,180,127,207,208,886,971,767,305,332,633,283,109,110,129,183,2916,2018
"El Salvador",0,2042274,2042274,2042274,14647,9983,4945,6286,4790,6207,4855,3126,3479,4476,2994,3390,2724,2859,3134,3110,6550,5806,3350,2829,2667,1860,2048,2379,2184
"Equatorial Guinea",0,2695939,2695939,2695939,5168,3599,2994,1977,427,1618,1272,3211,4878,5724,6656,7770,4993,7370,19382,7516,9602,12012,7890,9584,4921,9006,7836,8586,7790
"Eritrea",0,12045735,12045735,12045735,10677,7,4,1,3,1,1,5,2,1,2,5,16,19,8,2,2,8,0,1,1,3,6,185,2
"Estonia",0,4548947,4548947,4548947,165131,16912,21960,5644,18150,14868,21830,16233,18334,18872,21541,27235,17764,17430,24047,25860,37304,40005,41113,47117,38217,35312,40712,38303,36080
"Ethiopia",0,112902124,112902124,112902124,403581,14569,17489,16984,17493,21000,14991,31944,31492,34690,25711,19239,50101,49994,56501,20177,37643,55491,32441,41701,35828,44021,48772,119336,94711
"Faroe Islands",0,143971,143971,143971,0,0,0,0,0,0,0,0,0,0,0,0,0,0,0,0,0,0,0,0,0,0,0,0,0
"Fiji",0,1808214,1808214,1808214,5410,1107,709,1579,2090,1673,1880,2153,2398,1798,2356,555,1299,2983,4301,2136,9641,3520,1542,1679,2273,7880,1109,958,1319
"Finland",0,33693913,33693913,33693913,1357022,151676,143018,90124,147182,231423,183114,152484,201075,177336,168206,160123,161597,151533,190528,175929,246709,349652,277579,297915,264033,275870,265913,252449,244341
"France",0,54951533,54951533,54951533,695648,36094,35224,28048,79269,48533,57322,50906,89474,68943,145201,65549,69533,35120,49409,41821,70409,80879,79405,92627,87269,124766,70670,100940,90508
"French Guiana",0,8330102,8330102,8330102,10103,3040,2501,1894,4817,2849,2541,3337,5235,2865,3210,2713,9802,3027,4370,3019,6378,4430,3905,3410,4510,2326,3976,5634,4932
"Gabon",0,26454960,26454960,26454960,50030,15348,14068,16989,10195,18002,20085,17097,18085,18536,10948,18725,18003,46469,49971,25835,32418,39170,27114,28909,22357,18579,30063,20067,29995
"Gambia",0,1067022,1067022,1067022,15326,612,3096,239,729,941,348,958,1570,704,749,424,729,1720,1850,628,309,798,490,464,357,622,502,783,1071
"Georgia",0,6984453,6984453,6984453,93537,686,551,301,2048,585,565,1062,783,482,897,566,540,388,153,45,664,270,342,183,246,445,328,942,658
"Germany",0,35782315,35782315,35782315,342751,15658,15746,6641,45723,40364,43332,93861,62540,29234,76336,34693,26829,17425,23256,13546,29145,35259,54533,111202,190329,205617,89367,126718,93224
"Ghana",0,23947397,23947397,23947397,312663,53929,85067,30413,21788,51315,36268,55211,51676,55260,28368,47691,45270,139535,169203,80774,151289,176673,190162,113756,171978,124307,145410,149776,153081
"Greece",0,13257898,13257898,13257898,71539,13843,5669,2996,7941,4937,8780,52918,23794,7744,9595,7402,16461,9871,6028,5543,9274,15763,11648,11750,8746,65097,17627,78109,27272
"Guadeloupe",0,165027,165027,165027,1509,344,56,84,208,246,68,173,150,124,146,76,417,282,302,92,88,86,119,91,67,92,50,58,44
"Guatemala",0,10914403,10914403,10914403,291023,54606,56493,99862,57393,102097,53507,127840,78187,87812,60246,41194,85308,56981,65469,57427,184510,84135,75932,95664,103254,53766,50224,77637,148249
"Guinea",0,24481608,24481608,24481608,272657,25019,38029,12131,30233,25252,22809,55081,38676,40816,45630,46118,37961,210156,191822,228432,303329,360868,299782,313290,275161,263899,219753,279523,277794
"Guinea-Bissau",0,3388190,3388190,3388190,43268,3279,7455,1373,5812,6832,3582,9704,4127,11847,6701,6090,7358,40588,18992,19980,26517,26926,23246,27436,26313,21162,16132,18311,16804
"Guyana",0,20974406,20974406,20974406,30501,10099,4865,7446,4085,5864,5958,5266,9489,8312,10147,8412,13265,7490,12775,13274,26927,19693,11962,22812,16160,9723,10714,30409,110492
"Haiti",0,2710755,2710755,2710755,13832,2670,2296,1149,2607,2212,1343,2284,2379,2682,2253,2773,4986,4483,5097,3961,18495,6174,4777,5186,4544,2912,2276,3251,3051
"Honduras",0,11229008,11229008,11229008,137965,43307,32139,34484,26989,41436,42726,43218,44737,52218,46784,53253,33163,45730,60742,53264,196675,120202,80965,87666,98461,75401,60387,89627,79323
"Hungary",0,9303964,9303964,9303964,207305,7586,7773,5774,12100,10514,8110,9518,9160,10180,11367,8337,12410,9723,17176,11803,16186,16254,16176,16898,14333,17163,18740,24773,16753
"Iceland",0,10222383,10222383,10222383,0,0,0,0,0,0,0,0,0,0,0,0,0,0,0,0,0,0,0,0,0,0,0,0,0
"India",0,297835739,297835739,297835739,1781312,60456,51974,47993,73450,62581,68585,75876,87992,82818,52442,98605,108221,109246,176882,142428,219386,239059,183495,168205,187544,168007,155801,240321,202903
"Indonesia",0,189023580,189023580,189023580,4882129,754493,864967,549192,1303371,1196069,1451759,1413144,1416133,1960371,1288133,1560847,2305401,1222777,2048022,1877558,2598728,1449330,1363600,1336078,1071763,953795,1002528,1668216,1313570
"Iran",0,162174334,162174334,162174334,49762,423,675,415,425,244,220,219,478,268,288,310,505,313,184,0,10,181,78,172,36,34,120,387,485
"Iraq",0,43645439,43645439,43645439,9456,31,35,46,14,20,19,27,40,34,24,23,51,148,35,2,5,1,0,0,0,0,0,34,17
"Ireland",0,7026606,7026606,7026606,284209,9899,5520,2316,7152,8357,5356,12487,7203,7356,4039,3221,6012,5789,6366,4937,10817,7207,9600,12674,7463,10620,8316,8816,9905
"Italy",0,30073303,30073303,30073303,189376,10754,11651,4113,18948,11879,10098,12727,16575,15948,16540,12258,23422,20504,25557,18991,32990,47241,45808,66596,33805,36229,36614,54531,40562
"Japan",0,37240283,37240283,37240283,221004,24635,26632,20038,38142,36934,39724,46281,41495,41479,36314,36473,46782,24393,29760,32324,57600,49439,52142,52972,49576,49825,55492,52881,55873
"Jordan",0,8919385,8919385,8919385,872,1,2,2,3,0,1,1,4,1,2,2,2,7,2,2,0,1,0,2,1,0,1,25,33
"Kazakhstan",0,273052719,273052719,273052719,71224,9399,5837,6483,12041,5497,5983,8831,6377,7933,4163,6952,4922,4375,845,199,1625,1374,1491,1576,2707,1072,6113,65213,7425
"Kenya",0,58598332,58598332,58598332,117011,23090,24930,22023,22233,26367,29169,32475,26987,30049,26815,23099,27328,26623,31439,21282,29967,35338,24751,24388,29374,20464,14175,21372,28912
"Kosovo",0,1083660,1083660,1083660,9292,1131,222,268,584,324,533,843,1167,809,491,823,1900,869,828,533,985,756,636,764,1059,565,878,1815,1162
"Kyrgyzstan",0,19744828,19744828,19744828,67691,689,477,181,306,136,205,186,170,346,330,155,322,165,28,0,16,69,43,17,16,25,44,202,87
"Laos",0,22987172,22987172,22987172,101741,38918,59578,90404,66882,69554,127830,137315,83594,151278,171042,137126,159197,228127,268322,307620,418131,381899,323813,403486,386419,344761,347687,483588,380729
"Latvia",0,6471000,6471000,6471000,290490,24961,29252,21353,30731,40834,39064,36239,29419,35022,48649,44882,34532,28378,33112,31795,47017,49156,48637,59906,53099,50566,60141,58207,59867
"Lebanon",0,1023805,1023805,1023805,6370,339,117,105,150,367,209,351,507,453,186,237,258,323,263,257,447,603,516,641,853,1191,1132,1345,1200
"Liberia",0,9591806,9591806,9591806,57762,29261,57098,21743,6250,11355,36412,44486,36377,75344,20417,34558,72408,156745,165811,187097,169715,204656,206721,172967,221494,130714,153350,156498,168123
"Lithuania",0,6501663,6501663,6501663,241547,7996,10397,8947,13187,20473,17550,16143,15344,14486,21780,21864,17787,14283,16732,16750,27663,27973,21231,27088,24934,23863,25476,26670,23669
"Luxembourg",0,258158,258158,258158,2851,75,94,106,320,70,375,507,995,220,885,453,449,364,451,353,619,549,521,554,750,1094,354,947,624
"Madagascar",0,59144703,59144703,59144703,173322,91546,104076,110554,94070,110165,100124,209052,141587,154306,125968,170223,139729,323303,456014,327787,416210,563730,399335,280488,266295,266670,287760,338580,262144
"Malawi",0,11792701,11792701,11792701,41701,4630,6502,11703,10447,18718,9006,12941,17413,7145,7123,15386,16924,18741,27988,16990,21618,26209,25029,17966,26060,28508,23589,36564,32934
"Malaysia",0,32957849,32957849,32957849,1007198,340506,317065,185861,355588,378541,336209,407410,369846,625267,432318,465088,636531,347150,681619,479776,605731,519315,474513,436181,309999,319631,292453,388772,373201
"Mali",0,125119431,125119431,125119431,203581,5421,7849,1985,21012,12653,22403,15617,16146,16410,5712,27416,19536,29119,22633,16797,14078,30544,27545,28048,18013,19243,22930,37569,34622
"Malta",0,32336,32336,32336,11,1,3,0,4,1,1,1,1,2,1,2,1,2,1,0,0,0,0,0,0,0,0,1,1
"Martinique",0,111788,111788,111788,678,198,51,295,174,216,94,160,296,208,78,160,330,217,213,47,35,168,77,86,89,61,43,170,90
"Mauritania",0,104116934,104116934,104116934,711,42,3,7,7,2,1,1,1,1,2,1,23,183,218,17,0,2,22,29,61,59,85,81,51
"Micronesia",0,10267,10267,10267,0,0,0,0,0,0,0,0,0,0,151,0,0,0,0,0,0,0,0,0,0,0,0,0,0
"Mongolia",0,156624911,156624911,156624911,78600,24437,23126,51483,68793,9547,17998,52001,67610,89362,11128,5236,60497,1336,897,7682,5833,33792,11364,7253,826,287,184,1182,3613
"Morocco",0,41349155,41349155,41349155,81646,2112,4353,2384,2159,2387,2911,3052,4283,1631,1346,4527,4123,5514,10563,7675,13630,12169,10707,9203,11918,6140,20492,19689,9225
"Mozambique",0,78746117,78746117,78746117,583233,76382,138730,106711,146467,198161,217890,184269,269758,283215,247391,187206,177336,222669,259373,234395,319908,491516,237451,312730,312083,378140,329270,376718,424899
"Myanmar",0,66929633,66929633,66929633,636627,47212,69562,80754,107008,95455,134780,153254,125031,225208,175838,143859,249250,289878,390730,340668,425039,406909,329501,369284,366278,356723,308431,374514,332617
"México",0,195108696,195108696,195108696,1422799,172354,174425,167818,187049,229335,199449,239478,203730,307002,182822,200978,190805,251660,198956,226505,320451,358304,321411,379260,341860,228659,219058,287774,395142
"Namibia",0,82403983,82403983,82403983,15192,2331,743,1934,980,897,414,1726,637,1439,463,801,657,978,1118,253,215,1338,1152,669,528,1454,855,1901,2349
"Nepal",0,14766237,14766237,14766237,174007,1705,2421,2582,3242,3250,3710,4165,3635,6743,3068,3200,6050,1491,1877,1131,1962,3616,2956,3602,4354,5066,3815,4705,6225
"Netherlands",0,3768674,3768674,3768674,60820,769,866,328,1343,1544,1542,1708,1201,1665,3493,1194,997,636,998,973,1636,1788,1496,2772,2195,2810,1407,1924,1835
"New Caledonia",0,1882560,1882560,1882560,1855,767,751,939,1615,1520,2196,1060,547,1116,619,786,1008,3151,2460,559,1464,1296,3290,896,4398,706,405,812,2324
"New Zealand",0,26716626,26716626,26716626,434875,50779,63420,45007,60867,52806,61935,62934,61601,59816,56333,60393,71442,87684,88900,68611,88001,84207,88542,79642,69991,79558,73378,72041,58924
"Nicaragua",0,12817891,12817891,12817891,142391,45002,54922,47918,21515,97061,39417,89691,54715,83921,216173,43725,34602,46389,79925,37468,153296,215603,74309,80711,114123,93920,50909,121543,163000
"Niger",0,118366969,118366969,118366969,5781,16,8,8,7,6,4,4,3,3,4,3,51,267,83,22,3,7,15,13,22,24,11,45,51
"Nigeria",0,90840970,90840970,90840970,927799,85094,70940,45347,40061,52650,60549,119869,87751,95745,65934,162783,171817,184534,212335,133254,152880,419345,285141,225682,254888,287081,324789,271858,376467
"North Korea",0,12270649,12270649,12270649,288448,12495,5791,7761,12376,17903,13772,14275,20036,13839,20072,5770,17975,5653,12331,12180,12276,9310,8275,34177,19212,17696,11151,12658,20179
"Norway",0,32512056,32512056,32512056,476084,22565,26814,14919,34056,25064,40879,31990,33979,23447,40286,32913,30316,34503,40500,37661,63114,60622,63518,67238,71836,66629,70135,60567,69243
"Oman",0,30914206,30914206,30914206,1548,4,1,0,3,3,3,5,15,3,1,12,18,15,7,0,0,0,0,0,0,0,0,10,5
"Pakistan",0,79238100,79238100,79238100,116695,206,338,638,1154,972,1343,1182,1083,1022,743,494,346,233,172,5,0,237,124,125,130,98,88,2168,4495
"Palestine",0,622005,622005,622005,1697,10,8,8,14,7,8,5,5,7,9,3,10,30,23,3,3,11,5,1,1,0,0,128,230
"Panama",0,7545263,7545263,7545263,84310,18485,19520,11468,17087,12586,34951,20958,40662,37795,15572,23392,17594,14809,15237,11126,18087,32987,30030,36923,29434,26462,18744,28027,23657
"Papua New Guinea",0,46361062,46361062,46361062,266145,36302,54850,31915,58919,39187,56742,49347,71368,49416,69053,53424,73940,59129,108911,186089,182577,121768,120277,97786,80860,79115,148514,87906,89593
"Paraguay",0,39928620,39928620,39928620,642419,168667,214823,284783,263719,279648,155395,445547,387110,361948,447182,463351,521546,329359,360674,293035,349028,399052,275693,330930,271344,308052,253005,212289,307777
"Peru",0,129246451,129246451,129246451,429704,86787,81133,74518,101964,163892,89472,116309,127283,178831,143027,126174,278328,214792,211580,170697,238054,315646,217664,237762,286596,233074,245637,243348,279591
"Philippines",0,29585614,29585614,29585614,172159,35777,33031,35776,49175,50604,58226,67527,39096,61960,104213,33705,65239,70226,122712,76270,151317,134154,83504,73796,74232,57361,96164,52827,80037
"Poland",0,31239932,31239932,31239932,892070,19387,31567,33834,42596,83452,38269,58081,48703,47671,72904,57550,56261,37287,60034,45841,92440,102893,102333,81382,80489,82583,79092,85101,77876
"Portugal",0,8955525,8955525,8955525,168608,27345,38629,29866,62654,43425,47446,41047,38324,44424,52889,30918,72448,78878,92689,74721,147356,278271,154496,70223,108743,73812,93203,75293,85503
"Republic of the Congo",0,34173270,34173270,34173270,113140,27840,25101,19166,14411,19498,23010,30823,18600,20919,48115,30421,34873,60636,77517,50492,116285,66252,63674,74755,65939,59916,60567,70119,118430
"Romania",0,23833778,23833778,23833778,223889,17611,16477,9520,19051,19569,13220,38401,17730,16320,17898,17155,31335,13705,20322,11374,24027,20052,19489,12835,28331,15488,17561,26759,21392
"Russia",0,1689455496,1689455496,1689455496,37220538,2125734,3320029,3425997,4096965,1765903,2587386,2540838,3359719,2485586,2246524,3621048,6330898,5903390,5386187,2623525,6261650,6143920,6621833,4847068,8217252,8559449,5126743,4264820,7421840
"Rwanda",0,2527906,2527906,2527906,16061,1671,1234,1354,1380,1045,1016,1829,1445,1649,3137,1090,1595,4698,5183,3632,4653,5960,7771,4539,5432,6491,5666,6868,7796
"Réunion",0,251271,251271,251271,0,30,513,145,0,234,645,0,15,195,228,580,908,2021,808,19,8,0,0,0,0,0,0,0,0
"Saint-Barthélemy",0,2094,2094,2094,3,0,0,0,0,0,0,0,0,0,0,0,0,0,0,0,0,0,0,0,0,0,0,0,0
"Saudi Arabia",0,192301611,192301611,192301611,7572,2,0,0,1,0,0,2,0,1,0,0,18,31,8,0,0,0,0,0,0,0,0,34,8
"Senegal",0,19689013,19689013,19689013,77188,4197,17060,3025,2803,16508,5348,13700,1613,8295,6208,1753,4075,14676,7534,3929,4259,7825,4082,4222,5078,3877,4216,7392,8923
"Serbia",0,7823152,7823152,7823152,76227,2398,1158,884,2681,1587,1941,2320,3338,2552,2493,2258,3694,3023,4673,2979,4985,3995,4268,4334,5457,4535,5041,9248,5090
"Sierra Leone",0,7260138,7260138,7260138,102137,19099,15683,9407,4108,7215,29366,22116,21161,31057,8928,35012,16861,175449,167005,238707,181910,237385,194640,181262,159962,117265,123788,103699,137875
"Slovakia",0,4909564,4909564,4909564,35801,3922,4036,3777,4659,27784,8067,9547,13535,11299,17164,11582,9262,5231,17688,5431,17186,14448,17876,10476,12130,6223,5445,10302,7961
"Slovenia",0,1995674,1995674,1995674,7759,624,738,538,1285,1990,1277,2136,1896,1979,1445,1448,937,679,5448,1069,5534,5044,8310,3508,3957,2395,3042,4752,3878
"Solomon Islands",0,2853275,2853275,2853275,4917,2189,3872,2381,3548,6558,5072,5673,8185,6111,6429,5969,8852,9582,17215,15143,18279,19930,17960,16688,14688,12146,14640,9762,11191
"Somalia",0,63353089,63353089,63353089,4189,1064,948,477,665,940,336,903,691,656,361,519,2000,4109,2418,476,576,2075,524,1599,1074,1498,788,1124,1749
"South Africa",0,121971046,121971046,121971046,388240,87105,52923,100089,79581,113894,115525,59550,88419,74431,68027,82977,114723,119003,133665,139703,135034,188156,118085,140880,107719,95275,81815,62458,83732
"South Korea",0,10053628,10053628,10053628,109300,6519,5526,4439,13480,10839,12527,9972,17887,19985,16828,13425,17881,10799,15006,19085,25537,23589,24427,23119,22819,19556,28742,26516,19467
"South Sudan",0,62809894,62809894,62809894,1082861,10778,13415,4709,18315,16451,15119,17120,14744,17478,7879,13751,16516,13059,12310,3542,4984,9169,3748,4746,3219,4746,5526,16411,15671
"Spain",0,50604330,50604330,50604330,381025,37126,43144,27409,77340,57363,81257,67444,49741,75001,60553,43794,98758,89002,102404,90155,151686,146510,163040,103858,147096,125310,192634,128699,110237
"Sri Lanka",0,6583718,6583718,6583718,60078,3927,3654,3294,6272,4999,8473,11344,6889,15187,7529,16013,18805,11804,18647,8550,22462,16309,17071,12634,14865,15993,10434,16192,15683
"Sudan",0,187213281,187213281,187213281,216599,547,613,276,353,517,207,867,514,886,481,1127,701,1537,1299,84,190,442,99,185,170,172,170,21719,18052
"Suriname",0,14642538,14642538,14642538,23724,3701,3731,4586,5463,3528,3418,3637,7537,7394,7015,5707,19619,10322,15147,12170,17271,18357,19220,18723,15375,12592,14712,27504,36255
"Swaziland",0,1738319,1738319,1738319,23455,7526,4247,6286,5792,4862,11188,6923,5148,11141,7408,3459,4534,4328,7377,5178,7905,10497,4971,7374,5714,6268,4091,3515,4365
"Sweden",0,45004552,45004552,45004552,1671285,145724,179194,93009,272705,249817,250227,183771,295243,209047,264392,206074,237266,200925,247269,220689,318668,342696,298949,341774,350672,342732,341495,325394,329155
"Switzerland",0,4123525,4123525,4123525,15072,1189,895,451,3885,2348,2084,1892,2455,2313,1769,1955,1547,884,1614,803,1766,2730,3265,3630,4024,3607,2029,3202,4392
"Syria",0,18691925,18691925,18691925,5711,314,185,140,141,901,329,1675,929,186,284,198,6482,2005,1454,3232,2437,3211,1259,1615,4070,4931,748,3261,2142
"São Tomé and Príncipe",0,100218,100218,100218,0,79,0,0,0,0,0,0,0,0,0,0,0,0,0,0,0,0,0,0,0,0,0,0,0
"Tajikistan",0,14211316,14211316,14211316,19712,96,74,58,70,63,46,36,68,68,36,57,88,44,11,0,0,2,0,3,13,3,1,26,16
"Tanzania",0,94052972,94052972,94052972,557201,105985,113627,140804,93063,146073,154219,187191,239447,266785,197495,190680,249332,287075,300577,162588,228590,332431,268887,213653,290622,277600,270472,405665,398589
"Thailand",0,51393934,51393934,51393934,1842303,41050,69736,67437,104062,91118,117392,105878,88599,150309,152018,113082,160606,150351,212498,170951,250644,275451,197091,212163,201419,205794,200942,287180,287717
"Timor-Leste",0,1491567,1491567,1491567,11134,689,1631,700,2109,1330,2957,1574,847,2728,667,1526,2121,823,2967,1477,2038,2585,1856,2322,2167,2049,1609,2556,1629
"Togo",0,5690433,5690433,5690433,47901,5974,5178,5473,7076,7536,4218,9413,4272,19230,1220,2821,5508,14836,13160,3790,7767,14780,13595,9942,12757,11951,12460,14347,17211
"Tunisia",0,15486985,15486985,15486985,10135,255,283,1755,367,714,421,975,928,1143,545,2531,1759,2261,4106,2807,2335,11751,1463,949,1527,2756,4258,6576,3111
"Turkey",0,78070309,78070309,78070309,473796,26224,29065,20145,34224,23777,31021,31636,37040,33999,20935,28947,35015,31816,32374,39383,40542,53569,54208,58437,68553,125805,97381,89939,68155
"Turkmenistan",0,48959751,48959751,48959751,419,75,167,103,43,46,22,57,93,23,13,28,39,27,16,0,0,0,0,0,2,1,0,2,2
"Uganda",0,24143898,24143898,24143898,185026,31405,12307,13687,20173,31650,31004,39212,40243,26110,35722,69020,32881,60651,71026,60308,75256,136323,101391,76182,88367,65811,83173,92738,89094
"Ukraine",0,60136098,60136098,60136098,926364,29488,28092,39706,50856,37343,43336,65560,58281,49419,53008,61353,57014,39439,49014,51446,114323,91389,79332,49086,90362,77643,58611,82288,118424
"United Arab Emirates",0,7109644,7109644,7109644,596,0,1,0,2,1,1,3,5,1,1,0,2,1,0,0,0,0,0,0,0,0,0,4,1
"United Kingdom",0,24682844,24682844,24682844,473171,24838,20841,1919,25633,9365,22447,32167,12962,39094,29177,23220,36915,32514,33177,25724,31464,25413,28192,30853,25618,28775,37678,24655,26202
"United States",0,947283216,947283216,947283216,13986671,2011557,2198223,1731117,2894845,2820339,2738829,2561365,2285832,1674902,2215580,1722806,2072043,2094427,2121645,2769084,2806176,2857685,2514854,2526146,2370225,2439470,2691636,1719446,2129166
"Uruguay",0,17759937,17759937,17759937,655684,7808,7026,10791,15500,16234,21387,21925,24087,19641,17958,30255,37827,35153,48299,34979,64031,70567,66271,54037,45684,61864,58285,93368,52630
"Uzbekistan",0,44755383,44755383,44755383,43150,356,344,86,100,42,87,76,78,168,56,99,108,125,102,0,0,7,1,43,23,39,31,46,56
"Vanuatu",0,1231888,1231888,1231888,302,125,109,534,380,259,220,112,197,1103,314,623,205,1161,668,3508,1355,443,1033,261,3954,60,50,923,351
"Venezuela",0,91236016,91236016,91236016,491073,131385,96562,91315,97029,101021,92308,122111,129874,152699,105040,79393,120987,87923,133835,74651,233706,189270,128162,156774,153308,71837,63999,93357,182855
"Vietnam",0,32926973,32926973,32926973,1004749,51240,55126,46079,79458,109152,83525,84413,117691,144968,184344,143986,214837,199893,333062,319422,497729,430654,346453,345334,325426,331062,291620,257894,263685
"Virgin Islands, U.S.",0,36213,36213,36213,209,127,22,42,34,21,75,26,41,88,22,51,29,31,24,0,10,1156,51,40,29,23,47,41,27
"Yemen",0,45217989,45217989,45217989,7050,7,14,2,2,19,3,2,2,9,16,44,11,23,14,0,0,0,0,0,0,0,0,42,7
"Zambia",0,75117410,75117410,75117410,766935,42300,65561,69476,55690,115102,79458,89970,138409,201288,237869,84328,165277,157571,231548,167606,262793,374395,311370,261703,345134,414966,360218,394607,434820
"Zimbabwe",0,39004305,39004305,39004305,151868,19570,24841,22618,31170,38203,34797,46178,24508,69584,28005,19267,36771,26040,26040,27445,24982,67262,21827,26689,17565,32787,22692,18637,19466
"Åland",0,150613,150613,150613,2583,398,278,221,737,700,101,248,1293,677,635,467,656,512,557,575,691,757,632,2384,686,1373,1235,1141,996
